,mean_fit_time,mean_score_time,mean_test_score,mean_train_score,param_solver,params,rank_test_score,split0_test_score,split0_train_score,split1_test_score,split1_train_score,split2_test_score,split2_train_score,std_fit_time,std_score_time,std_test_score,std_train_score
0,0.015626907348632812,0.005209207534790039,0.8815068493150685,0.9099323064282513,svd,{'solver': 'svd'},2,0.8726899383983573,0.9105858170606372,0.8870636550308009,0.9116135662898253,0.8847736625514403,0.9075975359342916,8.920806376395086e-07,0.00736693194491619,0.006307346294881665,0.001703414622480973
1,0.005208492279052734,0.0,0.8828767123287671,0.9078768079698752,lsqr,{'solver': 'lsqr'},1,0.8767967145790554,0.9044193216855088,0.8870636550308009,0.9116135662898253,0.8847736625514403,0.9075975359342916,0.007365920420551928,0.0,0.00440180566165504,0.0029436693099008857
